8050006918,2,1,Pintér Jarmilla,dhrakar@me.com,2,jelszo,2,2021-11-01 22:19:41
8083605219,1,1,Szilágyi Szörénke,microfab@comcast.net,2,jelszo,4,2021-10-03 19:15:31
8086995111,2,1,Ruzsinszki Deodát,oechslin@comcast.net,2,jelszo,2,2021-11-13 08:14:42
8094707763,2,0,Szilágyi Szilamér,,0,,0,2021-11-21 23:44:44
8105558067,1,1,Szilágyi Pintyőke,,0,jelszo,2,2021-10-17 01:22:58
8107274724,2,1,Pintér Allegra,,0,jelszo,0,2021-11-01 07:50:19
8127428528,2,1,Sárközi Lizander,monkeydo@att.net,2,jelszo,2,2021-10-07 08:59:40
8156208679,2,1,Ruzsinszki Lizander,valdez@gmail.com,2,jelszo,3,2021-10-08 10:34:16
8162150523,2,1,Németh Celesztin,jgoerzen@outlook.com,2,jelszo,3,2021-11-03 14:29:11
8168355683,2,1,Németh Maximilián,bartak@yahoo.com,2,jelszo,3,2021-11-27 17:15:59
8170798183,1,1,Rácz Szörénke,gbacon@yahoo.com,2,jelszo,4,2021-10-25 05:49:26
8173716802,2,1,Felföldi Allegra,rafasgj@att.net,2,jelszo,2,2021-10-20 20:45:56
8195150263,1,1,Ruzsinszki Jarmilla,johndo@hotmail.com,2,jelszo,0,2021-10-15 09:37:27
8238546587,1,1,Gózon Elina,agapow@gmail.com,2,jelszo,4,2021-12-03 07:46:49
8241472968,2,1,Ruzsinszki Ninett,rfisher@optonline.net,2,jelszo,4,2021-12-01 02:23:30
8253819115,2,1,Sárközi Melodi,trygstad@yahoo.com,2,jelszo,4,2021-10-22 02:56:13
8275722602,1,1,Németh Szilamér,skippy@sbcglobal.net,2,jelszo,1,2021-10-11 13:40:57
8309873253,1,1,Felföldi Bereniké,syncnine@yahoo.com,2,jelszo,4,2021-10-27 17:50:26
8369057129,1,1,Gózon Szörénke,mcmillan@live.com,2,jelszo,2,2021-10-27 21:35:57
8382868263,1,1,Németh Pintyőke,tbmaddux@outlook.com,2,jelszo,3,2021-10-02 10:48:50
8383860650,2,1,Pintér Elina,gomor@me.com,1,jelszo,3,2021-10-12 10:27:34
8386666957,2,1,Sárközi Allegra,smallpaul@verizon.net,2,jelszo,3,2021-11-20 15:48:22
8403042350,1,0,Felföldi Pintyőke,quinn@sbcglobal.net,0,,0,2021-10-26 10:57:42
8418214554,1,1,Rácz Bereniké,wonderkid@gmail.com,2,jelszo,1,2021-12-01 07:20:46
8427540745,1,1,Ruzsinszki Zengő,pemungkah@mac.com,2,jelszo,1,2021-11-04 02:01:08
8429127128,2,1,Ruzsinszki Bereniké,gbacon@aol.com,2,jelszo,4,2021-11-18 12:37:39
8445403392,2,1,Rácz Surd,storerm@optonline.net,2,jelszo,3,2021-10-07 11:55:35
8499728780,1,1,Vincziczki Celesztin,petersen@aol.com,2,jelszo,2,2021-10-01 16:02:17
8507797079,2,1,Sárközi Kökény,drolsky@outlook.com,2,jelszo,3,2021-10-18 19:07:09
8509139779,1,1,Sárközi Celesztin,eegsa@verizon.net,1,jelszo,3,2021-10-09 19:37:26
8513212045,1,1,Felföldi Maximilián,goresky@att.net,2,jelszo,4,2021-11-02 20:51:02
8544267350,2,1,Szilágyi Zengő,oechslin@gmail.com,2,jelszo,1,2021-11-09 21:41:21
8546146995,2,1,Sárközi Terestyén,arandal@verizon.net,2,jelszo,4,2021-10-13 11:09:18
8546195037,1,1,Németh Lizander,hyper@hotmail.com,2,jelszo,3,2021-10-02 20:16:50
8552816098,1,1,Rácz Celesztin,trygstad@sbcglobal.net,2,jelszo,4,2021-11-23 08:24:06
8576434309,2,1,Felföldi Lizander,jeteve@msn.com,2,jelszo,0,2021-11-04 17:20:44
8594964216,1,1,Berényi Allegra,nimaclea@outlook.com,2,jelszo,0,2021-10-29 06:30:08
8612304115,2,1,Szilágyi Elina,nweaver@att.net,2,jelszo,1,2021-10-18 07:22:04
8617122087,2,1,Gózon Szilamér,tedrlord@aol.com,2,jelszo,1,2021-10-18 07:53:04
8671205675,1,1,Ruzsinszki Vilibald,,0,jelszo,3,2021-11-02 08:59:37
8677212078,1,1,Felföldi Vilibald,danneng@verizon.net,2,jelszo,3,2021-12-03 23:39:21
8679637651,2,1,Pintér Deodát,library@live.com,1,jelszo,3,2021-10-19 18:43:07
8685332332,2,1,Gózon Deodát,scarlet@hotmail.com,2,jelszo,0,2021-11-27 01:40:39
8690062661,2,1,Berényi Zengő,malin@verizon.net,2,jelszo,0,2021-11-21 15:26:38
8696550988,1,1,Vincziczki Elina,djupedal@msn.com,2,jelszo,3,2021-10-22 08:27:23
8698266191,2,1,Pintér Zengő,jschauma@hotmail.com,1,jelszo,1,2021-11-10 17:13:41
8713053299,1,1,Gózon Terestyén,draper@icloud.com,2,jelszo,4,2021-10-23 05:35:50
8757596739,1,1,Szilágyi Celesztin,evans@verizon.net,2,jelszo,1,2021-11-21 13:09:34
8777090819,1,1,Vincziczki Szilamér,jmmuller@yahoo.com,2,jelszo,4,2021-11-12 03:15:56
8785725024,1,1,Rácz Terestyén,chrwin@live.com,2,jelszo,1,2021-10-31 20:22:58
8787269676,1,1,Gózon Kökény,quinn@verizon.net,2,jelszo,4,2021-10-29 04:06:42
8805011634,2,0,Vincziczki Jarmilla,ateniese@optonline.net,0,,0,2021-10-16 01:49:24
8842743809,2,1,Berényi Deodát,jaesenj@hotmail.com,2,jelszo,0,2021-10-13 20:29:39
8855859093,2,1,Németh Elina,nullchar@hotmail.com,2,jelszo,3,2021-10-04 01:25:34
8901252746,2,1,Pintér Lizander,rjones@comcast.net,2,jelszo,0,2021-12-02 19:48:11
8951823211,2,1,Rácz Deodát,luvirini@gmail.com,2,jelszo,4,2021-11-23 09:24:33
8958135330,1,1,Sárközi Pintyőke,bester@aol.com,2,jelszo,3,2021-10-04 09:00:02
8973182757,2,1,Felföldi Celesztin,heroine@hotmail.com,2,jelszo,4,2021-10-06 08:48:07
8990386597,1,1,Pintér Ninett,adhere@comcast.net,2,jelszo,2,2021-10-07 00:09:51
8994312129,1,1,Berényi Vilibald,ournews@yahoo.com,2,jelszo,3,2021-11-26 17:54:23
